{
  "mae": 1.3132847306601863,
  "rmse": 5.441708479008627,
  "r2_score": 0.9505346696411578,
  "mean_age_error_days": 1.3132847306601863,
  "median_age_error_days": 0.0,
  "accuracy_within_5_days": 0.9382341028756581,
  "accuracy_within_10_days": 0.9382341028756581,
  "accuracy_within_15_days": 0.9382341028756581,
  "accuracy_within_20_days": 0.9937221547185096,
  "pearson_correlation": 0.9752726423634139,
  "pearson_p_value": 0.0,
  "spearman_correlation": 0.9746050781373935,
  "spearman_p_value": 0.0,
  "young_mae": 0.08992805755395683,
  "young_r2": 0.0,
  "young_sample_count": 1668,
  "middle_mae": 2.448405253283302,
  "middle_r2": 0.0,
  "middle_sample_count": 1066,
  "old_mae": 1.69010889292196,
  "old_r2": 0.6074784136736577,
  "old_sample_count": 2204
}