metric,score
0,
silhouette_sex,0.5149871120229363
silhouette_age,0.5057045947760344
