{
  "mae": 4.944,
  "rmse": 7.807688518377254,
  "r2_score": -0.1298236296384765,
  "mean_age_error_days": 4.944,
  "median_age_error_days": 0.0,
  "accuracy_within_5_days": 0.5632,
  "accuracy_within_10_days": 0.9424,
  "accuracy_within_15_days": 0.9424,
  "accuracy_within_20_days": 1.0,
  "pearson_correlation": 0.5186676919266915,
  "pearson_p_value": 0.0,
  "spearman_correlation": 0.5183110974645629,
  "spearman_p_value": 0.0,
  "young_mae": 3.6795655125594027,
  "young_r2": 0.0,
  "young_sample_count": 1473,
  "middle_mae": 5.47207258293167,
  "middle_r2": -1.80996554690579,
  "middle_sample_count": 3527
}